1.674233646655033588e+09,8.573536276817321777e-01,4.873312636862792147e-02,2.228203480534940439e-02,6.422566834023238358e-02,4.739569048088954593e-03,-5.524528910674493254e-01,1.014449087879749634e-01,6.637157756482565951e-02,1.393260024939296793e-02,-1.552668193522590556e-01,5.522155560686847764e-02,1.450770557151423168e-01,1.811637094424839098e-02,-2.923632443585644225e-02,7.230263084973831411e-02,1.214929165468596056e-01,2.492913767343903422e-02,-6.215793873758286736e+00,7.177845740726729318e-02,6.331977927950065144e-02,1.663374531685890903e-02,-6.149541539913300880e+00,1.674233644534938812e+09,8.679266571998596191e-01,1.915833389186127889e-02,1.461897904730360409e-01,1.598803862966073630e-01,1.242068005710103978e-01,-3.393318386185546487e-01,9.822951922876299591e-02,1.085089694692646101e-01,3.273846194795954068e-02,-3.036246139064102678e-02,1.739200585740752203e-02,2.211199377271640121e-01,1.505961163900238799e-02,-6.185654675179019790e+00,3.022204981844778260e-02,1.434284423348425319e-01,7.432654982121902898e-02,-6.151821220756162667e+00,5.671851602517818947e-02,5.332016218916423023e-02,4.137852867854281691e-02,-6.127320738310204185e+00,1.673374264317848921e+09,9.756148457527160645e-01,1.038436198904157948e-02,2.589026390682329648e-01,2.286625202678626012e-01,1.711292495734820784e-01,-1.790996068073789083e-01,1.818179726707245258e-01,1.905104003140673241e-01,9.566770342342088840e-02,-1.047328406265299883e-01,2.627290320935435908e-01,2.091402571826244672e-01,9.816967191291151029e-02,-9.788094781351297513e-02,3.222463553555385829e-01,2.960679716598572653e-01,8.859934173714506533e-02,-6.144326277994990093e+00,4.741096029032063619e-01,1.756944775367191292e-01,3.662096534697837497e-02,-5.990308832945922646e+00
1674233692.0846868,0.990318477153778,0.027388595958972136,0.13674116434540595,0.3507839201374105,0.4923293299019136,-0.38566884602085594,0.3120522802230501,0.243002024727811,0.0578254655639546,-0.596510380168116,0.26323637374156084,0.4103224440660857,0.04467617776016745,-0.27981791881519363,0.36471790602730975,0.659747859043808,0.04649839746656032,-6.151355881482106,0.5014806767647152,0.4224447049145322,0.042595990158828534,-5.756829757139123,,,,,,,,,,,,,,,,,,,,,,,,,,,,,,,,,,,,,,,,,,,,,,
1674233692.2608743,0.9951884746551514,0.025091104527771965,0.14679569149541646,0.017312011129909943,0.18993321862008974,-0.3205009548925548,0.3485966830433056,0.169908632939904,0.0510342307159048,-0.5666137095347885,0.32637402569149193,0.24055542023618515,0.017625300485899227,-0.2988030451222272,0.4041725094136441,0.2910092049760391,0.04310826086174469,-6.199440318913872,0.5112571320230481,0.22133423178259737,0.0606492142431752,-5.965767405168446,,,,,,,,,,,,,,,,,,,,,,,,,,,,,,,,,,,,,,,,,,,,,,
1674233692.420987,0.9976134300231934,0.022986357554374948,0.1534715684412662,0.025689777409064092,0.2061288668608414,-0.3211294297411276,0.5003476457669108,0.25799288283245936,0.060754481387386,-0.6086609102996552,0.42058333167265616,0.3688252322790791,0.006263162519598249,-0.28462462538143773,0.5057580834149071,0.42962047784728,0.04245223119519527,-6.194935413088237,0.6336298355416842,0.3121025503517124,0.06720436535253012,-5.879740921823463,,,,,,,,,,,,,,,,,,,,,,,,,,,,,,,,,,,,,,,,,,,,,,
,,,,,,,,,,,,,,,,,,,,,,,1674233649.5157807,0.669352650642395,0.023434493114990126,0.09123555424651551,0.18631774842770046,0.03912267626543788,-0.41603335895746957,0.1600542030037735,0.09180723544040652,0.013217267241601945,-6.126933755226302,0.1786800437326832,0.21946347968127328,0.024233869798669923,-6.128993366948808,0.23695313768750334,0.21052560740386414,0.07882949731130601,-6.104244287827814,0.2883404339811504,0.12231617525631837,0.034245453126441165,-6.1124661929192525,,,,,,,,,,,,,,,,,,,,,,,
,,,,,,,,,,,,,,,,,,,,,,,1674233649.637413,0.7953023910522463,0.023368766327542367,0.18949753204572506,0.25047472565692974,0.14058673002534364,-0.3944947187141388,0.1779254621166015,0.10867056713433589,0.002925756878815492,-6.203523852132505,0.16863022681750284,0.23723191194707874,0.01497882716590094,-6.192455142789597,0.22907938393473426,0.22883972076044684,0.05770430122359399,-6.162877821001999,0.26795675149690273,0.12262896716193063,0.027268447775172514,-6.160123968712975,,,,,,,,,,,,,,,,,,,,,,,
,,,,,,,,,,,,,,,,,,,,,,,1674233649.7853804,0.7394510507583617,0.021856613233230623,0.1245369398870002,0.2073753461171061,0.12539993205864128,-0.44545063695739934,0.16958138193761127,0.10010439151352274,0.005510164743017218,-6.178766079206113,0.1787709767577295,0.21911546595336145,0.030176498547240242,-6.148050338913114,0.2292424543974989,0.2186575009786983,0.06768368720305255,-6.122803206174721,0.26973124817788247,0.1263992369884118,0.032686644934157384,-6.153761558671228,,,,,,,,,,,,,,,,,,,,,,,
,,,,,,,,,,,,,,,,,,,,,,,1674233649.926507,0.7484474182128906,0.022906453477030686,0.12059795303349398,0.20926876758900756,0.0353384172200459,-0.4683633664871482,0.13342097457588856,0.16327473124351963,0.014795712032086338,-6.191430843278789,0.11218015555311699,0.32215524293551745,0.018091228602945295,-6.117261684985684,0.17196780894332653,0.29136707307034354,0.024925888388270097,-6.108734660370032,0.25093209057822863,0.18281052030450598,0.020432893717653437,-6.143572805430677,,,,,,,,,,,,,,,,,,,,,,,
,,,,,,,,,,,,,,,,,,,,,,,1674233650.063497,0.7004812955856323,0.022031539618422746,0.12930761583840367,0.16770558589569756,0.11690545086250545,-0.4358927603585098,0.16794429219163964,0.10800199452665975,0.002228855535818944,-6.14491694364331,0.1862158328580832,0.2464224894343147,0.029624266468742524,-6.093952372363607,0.22496617536273167,0.24084284772454595,0.05983034981830064,-6.087223754945458,0.2712776061183241,0.14163166869526192,0.014218653479273135,-6.128562695292421,,,,,,,,,,,,,,,,,,,,,,,
,,,,,,,,,,,,,,,,,,,,,,,1674233650.1801586,0.6168357133865356,0.020763380212986515,0.10977935418226668,0.1704245199114931,0.06282426407373896,-0.42756266836480394,0.1771469945591049,0.160754103999419,0.0017118141174559108,-6.160494476658222,0.18294524396615985,0.2999507936301056,0.048199834456220135,-6.110710114554715,0.2281217553603434,0.2925887859234105,0.07059560132517186,-6.118541421119769,0.2848175779022366,0.15990396314234392,0.04294713585572383,-6.169526960404443,,,,,,,,,,,,,,,,,,,,,,,
,,,,,,,,,,,,,,,,,,,,,,,1674233650.3178396,0.8554864525794984,0.02396772304376737,0.10627057802134977,0.2375945281385453,0.030756295027891043,-0.5146920600807897,0.11826371707785775,0.15906063649266927,0.0051518356840888156,-6.226540221045219,0.07944035842907039,0.3246508888428698,0.04251505664010548,-6.1578644943999885,0.1446897978716186,0.28334540273106057,0.029891880499758938,-6.126291853042223,0.2371454496063987,0.15733405890505736,0.04236688805190687,-6.149317012137227,,,,,,,,,,,,,,,,,,,,,,,
,,,,,,,,,,,,,,,,,,,,,,,1674233650.4678643,0.8135290741920471,0.025918781738346826,0.03357768031844577,0.16993280957560103,0.007956947502603938,-0.3598492618595026,0.1677752991190866,0.07031414527785507,0.013930794848173108,-0.07582555032461259,0.11599167553165167,0.15891540001713597,0.016388100320644455,-0.019983910394941955,0.1424102941386378,0.1715057697057806,0.0645326483064868,-6.271353567065961,0.14807200172466528,0.08293394331419432,0.05195558921240556,-6.255871530887654,,,,,,,,,,,,,,,,,,,,,,,
,,,,,,,,,,,,,,,,,,,,,,,1674233650.6008036,0.9538055658340454,0.01998970436435743,0.005251145003053904,0.09664527814607218,0.059201068835282276,-0.2716606496767522,0.17778611891834115,0.10727112874186175,0.01616118039995866,-0.07858835657373842,0.1406207563187789,0.20959551588400016,0.005996736276552202,-0.005625590267334779,0.14320620013399976,0.207965435871257,0.025635084532524638,-6.218526569183216,0.15401891270028045,0.19434254349465177,0.06873045140693534,-6.080265390850655,,,,,,,,,,,,,,,,,,,,,,,
,,,,,,,,,,,,,,,,,,,,,,,1674233650.7335463,0.964954137802124,0.013024096936360974,0.24574251614287726,0.2189958206993788,0.09882860347497952,-0.1951198538326073,0.21986544043182563,0.2376715455566265,0.048033859907236236,-0.2715840068853539,0.15687564765671838,0.34601649173758237,0.07766673025102111,-0.16693356703046103,0.23039889541307,0.3275762714026365,0.1658449075323417,-6.242522608664616,0.5327309639563009,0.29014189957177594,0.19107938359980858,-5.8743769937532235,,,,,,,,,,,,,,,,,,,,,,,
,,,,,,,,,,,,,,,,,,,,,,,1674233656.7465277,0.9959276914596557,0.01031550591932806,0.443201358785386,0.5645881570360413,0.6888020904235442,-0.29782397621933576,0.125448286405506,0.3053890534482615,0.1516607095531319,-0.10974651908812703,0.2572613309141261,0.3826845414945402,0.14064024246549664,-0.37453002331418356,0.40946660071591046,0.5184085520054412,0.18088773674943578,-0.2739787232830441,0.6253871231924379,0.7847244834981759,0.4814298721770813,-6.242029065960919,,,,,,,,,,,,,,,,,,,,,,,
,,,,,,,,,,,,,,,,,,,,,,,1674233656.8141882,0.9954385757446288,0.010557716228301928,0.4703527119054529,0.5887290115882314,0.6218885954932974,-0.3142799395565378,0.09271354829246323,0.2745611418093173,0.14363649600909678,-0.13033286038445357,0.2375463262754409,0.34760168994339724,0.14061514382598805,-0.3949466350602311,0.3999432512398231,0.4551460134501498,0.15162759333572506,-0.3097531132905402,0.6246431528347607,0.8944673450358614,0.5358939972363557,-0.036459785387957126,,,,,,,,,,,,,,,,,,,,,,,
,,,,,,,,,,,,,,,,,,,,,,,1674233656.9527428,0.9908856153488163,0.010225428923229527,0.4836084384445725,0.667443015181498,0.5934095109204344,-0.3290279335123718,0.1277277447016578,0.30018575447747836,0.16831962951551194,-0.11405642161524952,0.28476522791764797,0.38457593225377096,0.146668321952135,-0.35909067087227564,0.4635629949783962,0.4959932030289727,0.1610719439471335,-0.32283369070264545,0.705697907649582,1.1130266160581375,0.6052839955561696,-0.08012336468116031,,,,,,,,,,,,,,,,,,,,,,,
,,,,,,,,,,,,,,,,,,,,,,,1674233657.077741,0.9933254718780516,0.010207696705796463,0.4850306101894102,0.6719328693036952,0.6248714413379828,-0.30959817323298555,0.12958184512815055,0.33551828924449445,0.205947067071904,-0.10360051296763696,0.2984880023057221,0.39609481120258394,0.15410542466811944,-0.3676688387674276,0.4740683003815565,0.495738693884358,0.16424327427191085,-0.328819730552663,0.7046440091995508,0.9604143487569764,0.5947552164490209,-0.16402189322934557,,,,,,,,,,,,,,,,,,,,,,,
,,,,,,,,,,,,,,,,,,,,,,,1674233657.2118347,0.9919981360435484,0.010170885764973825,0.47965972979011,0.6251387809123269,0.6242294319188721,-0.28019396137176367,0.12240732639495945,0.3025953829163314,0.18722944420003704,-0.12320865959767377,0.2871325202293597,0.372846108799688,0.1610772184999353,-0.39612149945450487,0.4572981278385914,0.4603074934212099,0.16654553591664026,-0.3630023188871045,0.6880510649824818,0.8817996425476982,0.545481310080537,-0.2405871839720621,,,,,,,,,,,,,,,,,,,,,,,
,,,,,,,,,,,,,,,,,,,,,,,1674233657.3314211,0.9914240837097168,0.01012598402642251,0.4973767232184799,0.6699865150022303,0.6021679787345754,-0.30634869276979426,0.1269282113880887,0.3154590207207271,0.21018407248377796,-0.11119289979838952,0.3139967628622822,0.3912368505234885,0.16576204044572385,-0.3981129351236535,0.4944313282569501,0.455145084568425,0.1343413516044715,-0.3732358447286348,0.7427991831466522,0.8710932364256077,0.4883158307255909,-0.2974368543901145,,,,,,,,,,,,,,,,,,,,,,,
,,,,,,,,,,,,,,,,,,,,,,,1674233658.5503476,0.967220664024353,0.01399273021123637,0.5393103814683546,0.8950058294215191,0.41221080044961483,-0.3251798217449067,0.05858265660216633,0.3114214603044355,0.1387438802469782,-0.04445141177276524,0.20914897844673638,0.4750060441145619,0.20370454865591395,-0.2179896158671104,0.42406633274950156,0.6030380998273293,0.2634883003026832,-0.2481910660841949,0.8368214011878811,1.291311665949073,0.4887783276912721,-6.26370456623254,,,,,,,,,,,,,,,,,,,,,,,
,,,,,,,,,,,,,,,,,,,,,,,1674233658.6434562,0.9663019776344302,0.014098697479186129,0.5745634473483894,0.8845189164235304,0.37547217353159545,-0.32821841471413515,0.08722287109482306,0.33894023430375886,0.20015391501161414,-0.03272601181040402,0.25035876599862356,0.5312997396210813,0.3331221239710021,-0.22330804961020687,0.4837722857509377,0.6896060022817213,0.3573528476771702,-0.2675021898909029,0.9039749541967464,1.2255188689226248,0.5087124855997494,-6.2506283064484975,,,,,,,,,,,,,,,,,,,,,,,
,,,,,,,,,,,,,,,,,,,,,,,1674233658.7708035,0.9504513740539552,0.014253747755589075,0.6029385165362792,0.9116509483323048,0.3855991387637988,-0.30570256084530945,0.07696936818670073,0.3393396240350258,0.2307843425320309,-0.01761289413624922,0.2547005390640473,0.5210320283042195,0.3480263896950106,-0.20815185013320647,0.4966856775735815,0.6637021562897311,0.31869065243508304,-0.2868424755476715,0.9270094621891154,1.286675629570023,0.4952125845848608,-0.022753858362579482,,,,,,,,,,,,,,,,,,,,,,,
,,,,,,,,,,,,,,,,,,,,,,,1674233658.9028337,0.9659932851791379,0.014348748480677463,0.5583688434050909,0.8737759175298605,0.3619955269812316,-0.3231745546292548,0.09286692530590557,0.40711338718865214,0.3169317575433978,-0.032583078226469116,0.2374135323268285,0.5714002088714828,0.3677219415449914,-0.18483096441220012,0.44846621026493194,0.7175113632446118,0.32406302294122674,-0.21222697587178047,0.927202819981767,1.2662545799292222,0.43973921156842444,-6.13386826326746,,,,,,,,,,,,,,,,,,,,,,,
,,,,,,,,,,,,,,,,,,,,,,,1674233659.040209,0.9594953656196594,0.014179351228063465,0.5718094986059938,0.9039273631104232,0.3493244594469653,-0.2885951298536291,0.04868244442005887,0.35492811525616624,0.2326775194619492,-0.025334629066025904,0.2141532002229072,0.48979532962646,0.2866960081256966,-0.1913629612673824,0.42251199335769485,0.5736377450379759,0.23093199255026156,-0.23473937318272675,0.9056089736645168,1.3328225764781416,0.4588971867158237,-6.236581798594914,,,,,,,,,,,,,,,,,,,,,,,
,,,,,,,,,,,,,,,,,,,,,,,1674233659.1639204,0.9550639986991882,0.014218258622560319,0.559381894155119,0.8843994409795075,0.446481143862056,-0.31426521465962404,0.0759551553816804,0.33990980637784884,0.2163840308873208,-0.03674421990675957,0.2441181044158696,0.5062665453960593,0.32181218869224437,-0.2430592650126342,0.4416122571100263,0.5827517265553555,0.29116315506887275,-0.24894048573931335,0.877893851674176,1.2619822213166283,0.5179472019406504,-6.2155222739238685,,,,,,,,,,,,,,,,,,,,,,,
,,,,,,,,,,,,,,,,,,,,,,,1674233659.2940154,0.962356984615326,0.014511870084977115,0.5735655373949329,0.8784689132488753,0.3956750841132253,-0.2789803020618065,0.017969192887704818,0.3070033155943436,0.18096811848429273,-0.06294268682022296,0.17909464239242331,0.4248619821558969,0.2296013324743193,-0.26411620768943983,0.404870635316454,0.5235545631585481,0.19287215385539944,-0.2962126239388412,0.889986985838007,1.3214360111159575,0.4316828342167187,-0.05503214761318409,,,,,,,,,,,,,,,,,,,,,,,
,,,,,,,,,,,,,,,,,,,,,,,1674233659.4233313,0.9682304859161378,0.01403217692647285,0.521472939880145,0.9153786545422932,0.4380079256727622,-0.3455306461272838,0.06698386933486411,0.36025157404892094,0.276851385057754,-0.0581240103883216,0.24521720451168205,0.5375456956281479,0.36519422040773536,-0.27011312351795347,0.4426409481431794,0.6554587635477958,0.3181630684032041,-0.2589899080942076,0.8467889683515035,1.3358381213079762,0.5006139253564252,-6.159286161304169,,,,,,,,,,,,,,,,,,,,,,,
,,,,,,,,,,,,,,,,,,,,,,,1674233659.5391674,0.9632062911987304,0.013976485805897278,0.5206419285403481,0.8769161478862653,0.44383363015884325,-0.3388764169862393,0.07049576647779832,0.4061123162859566,0.3830644656283197,-0.05642695764478445,0.2605423489319949,0.5649311085368284,0.3884930032465664,-0.26762413890541126,0.493243590311228,0.6464150980761082,0.29109774105127045,-0.3294119256688912,0.8952503596181298,1.2923733956076067,0.5057967775891946,-0.15813523163806797,,,,,,,,,,,,,,,,,,,,,,,
,,,,,,,,,,,,,,,,,,,,,,,1674233659.674467,0.9648540616035458,0.01412339045546851,0.5619058354758262,0.8927804324482451,0.4320983163415885,-0.30995769825362224,0.0688663968193226,0.3959850141827493,0.3372718595508932,-0.028854670920847706,0.2748817126198504,0.5695180888336036,0.4556909184024964,-0.2646794885899557,0.4700941480436431,0.6591072435022863,0.37746309626488117,-0.2726370028399709,0.849561527001733,1.3525171992130764,0.5202451414336206,-6.260470163240456,,,,,,,,,,,,,,,,,,,,,,,
,,,,,,,,,,,,,,,,,,,,,,,1674233659.8359342,0.960412442684174,0.0137150943598785,0.5244195869158962,0.8579870892879498,0.45009801164544255,-0.327798252231045,0.0623395267176603,0.39975508595801895,0.34784227291055564,-0.04314802241267879,0.2751269927471425,0.5680506428812321,0.4363509968995325,-0.31658968829080253,0.4919015078372402,0.7180995636490455,0.3863665133319846,-0.37280896553063547,0.8443639924133985,1.3545110582790993,0.5282765904954277,-0.16898162761995073,,,,,,,,,,,,,,,,,,,,,,,
,,,,,,,,,,,,,,,,,,,,,,,1674233659.9409766,0.9689191579818724,0.013749440717802482,0.5478562571369737,0.8740943475170652,0.44053429223710716,-0.3331174105933097,0.07382457860882406,0.35265003954117735,0.2666205476072744,-0.05898990672974146,0.2931933095885677,0.5764032232226365,0.4195310771833318,-0.3290456358960388,0.5282514243253741,0.8447114483861503,0.44231124163881114,-0.37395767892338444,0.8599080919767593,1.369131203447414,0.5141787624193833,-0.11075974924326903,,,,,,,,,,,,,,,,,,,,,,,
,,,,,,,,,,,,,,,,,,,,,,,1674233660.0542514,0.9497448205947878,0.01338373865811082,0.4628473895200007,0.8298175911552484,0.4831791498645676,-0.3422449745250309,0.03330371791732389,0.2953401583758674,0.1691804534136928,-0.09411412067263214,0.23330756080194526,0.4945372361267936,0.23140625516707286,-0.30387782331859364,0.4886632333958141,0.6456994682315272,0.19443736342651197,-0.3558663582697372,0.9000901751833981,1.3009225549634076,0.4863007275420928,-0.25435076431981996,,,,,,,,,,,,,,,,,,,,,,,
,,,,,,,,,,,,,,,,,,,,,,,1674233660.171386,0.973873496055603,0.013745316181008604,0.5350972592408159,0.8597360428832859,0.4509502783705972,-0.3139612542952124,0.05904897619028481,0.35914431476053643,0.28981847704689523,-0.04530662127718266,0.25496336277385184,0.5237625915662262,0.3735631768509628,-0.29706423409227595,0.4613647317416639,0.6375016812248722,0.2885651652620346,-0.32539835001169853,0.8099180906450267,1.3329251743725952,0.5315833456710451,-0.11369503875284967,,,,,,,,,,,,,,,,,,,,,,,
,,,,,,,,,,,,,,,,,,,,,,,1674233660.3165963,0.9690038561820986,0.013872785018565814,0.5635409178224391,0.8609746623818844,0.4179954356798691,-0.2910985990515771,0.04518248892551568,0.3705454991425515,0.3212585837642375,-0.03243209170332851,0.23308407954948154,0.4973097658026095,0.3604708747224202,-0.2576013430117933,0.43945451697679777,0.5615260756252886,0.23413923682718904,-0.31307325039263206,0.8542715059426879,1.3252490350656494,0.5114290869045393,-0.21667333027041025,,,,,,,,,,,,,,,,,,,,,,,
,,,,,,,,,,,,,,,,,,,,,,,1674233660.4464831,0.9674327373504638,0.014351852293776,0.551204793027705,0.8277964314131799,0.46329592005741,-0.30210469418772723,0.06545718812373648,0.3728955142883045,0.3182849494405581,-0.03498890584615788,0.2362240243563618,0.5097312941339686,0.3499849787284502,-0.23738432558469436,0.4494959804155156,0.6169708483641934,0.2557993277227541,-0.26641953592672646,0.8603543122236452,1.252438242947586,0.4852946294439583,-0.0627591403898049,,,,,,,,,,,,,,,,,,,,,,,
,,,,,,,,,,,,,,,,,,,,,,,1674233660.58685,0.963049829006195,0.014134826227269581,0.5407786906467597,0.8308062066765569,0.4592950949903814,-0.31908861867230603,0.08484074649765548,0.42777833999373377,0.3958693856765197,-0.05706393803118193,0.2714137806321136,0.5514504216367049,0.4082201166486992,-0.2559880493325428,0.4856721939750139,0.6690702111192159,0.3177896646207248,-0.2945376347950912,0.8965167720762363,1.3301421645519305,0.4737784673078824,-0.08862653998033874,,,,,,,,,,,,,,,,,,,,,,,
,,,,,,,,,,,,,,,,,,,,,,,1674233660.729974,0.9651806354522704,0.013843078471598602,0.5650124437301364,0.865727169235696,0.41283579342551613,-0.32006528822557767,0.061212405252091276,0.36814644074324004,0.298820345305144,-0.05927364807946889,0.2383864533008859,0.5126517217356756,0.36211071944860873,-0.2548327193904987,0.44991662440218466,0.6151124794750825,0.2486191347989481,-0.2931491078308412,0.8992118406580838,1.3137100545818465,0.4639599212235676,-0.16295942412797612,,,,,,,,,,,,,,,,,,,,,,,
,,,,,,,,,,,,,,,,,,,,,,,1674233660.8612924,0.9701511263847352,0.013780158643124985,0.5604329204306536,0.8805304077972465,0.43705186649456884,-0.2982225261721494,0.056301614239429476,0.3908080300637289,0.33346255173235445,-0.045562350233443454,0.23888374141356125,0.4976453576254783,0.342711825918501,-0.2687806737185183,0.4436983970368713,0.6053858610162766,0.25598081197193373,-0.3237548951971516,0.8529759094368882,1.3171263191691198,0.4959848576570182,-0.2268138194426763,,,,,,,,,,,,,,,,,,,,,,,
,,,,,,,,,,,,,,,,,,,,,,,1674233661.0128386,0.9694241881370544,0.01404786061907437,0.5307921465878903,0.8588095956442118,0.4744837947943006,-0.2979577647129257,0.0545160174690551,0.3237362007289529,0.2649778896820342,-0.0611437964052346,0.24015725586608475,0.499923182467031,0.3217360223947066,-0.29943268553250973,0.4625120915966532,0.5726445953529018,0.18597934823899362,-0.3411210996991314,0.8871608411568771,1.2327223473104432,0.4819847905573441,-0.2210105082169416,,,,,,,,,,,,,,,,,,,,,,,
,,,,,,,,,,,,,,,,,,,,,,,1674233661.131002,0.9693275690078736,0.013943583782269009,0.5392444717548059,0.8264593854808602,0.4552030293058896,-0.3089421847584388,0.05475522148396328,0.39648691813814246,0.38499907115014975,-0.03994613740168916,0.2480563616928926,0.5427305891621748,0.4417313440508429,-0.27900766857678944,0.4674028369519876,0.6415680582676593,0.32203898200211195,-0.36357274148788576,0.8492735242395457,1.3110395403420003,0.523949485993568,-0.2661748933668866,,,,,,,,,,,,,,,,,,,,,,,
,,,,,,,,,,,,,,,,,,,,,,,1674233661.237365,0.972912788391113,0.013765451773135595,0.5522254798879174,0.8356701544550467,0.4714992676264595,-0.30432703523935034,0.05660161277141551,0.3827952434456253,0.3514728703973097,-0.030688227301038037,0.24582530875118816,0.5352536469964811,0.40529248156742237,-0.2698512787165881,0.4726091585063651,0.6550922113460604,0.291374827193671,-0.3267042537038085,0.8712096187126459,1.2635772666845289,0.4987199011279026,-0.18993140940696526,,,,,,,,,,,,,,,,,,,,,,,
,,,,,,,,,,,,,,,,,,,,,,,1674233661.3563693,0.9609895944595336,0.013861888910657429,0.526905227766485,0.8734430441940301,0.4516522183867489,-0.3044934219305557,0.0356550374190161,0.32052848465871614,0.2545880709364373,-0.04608308113970905,0.2207237739778196,0.4823983390885859,0.32492594665160845,-0.25803873604242883,0.43943913781500316,0.5350248633303937,0.18645154182616763,-0.320359408333573,0.8982237979572032,1.30293070493566,0.4687694731604264,-0.203825633504036,,,,,,,,,,,,,,,,,,,,,,,
,,,,,,,,,,,,,,,,,,,,,,,1674233661.4898114,0.9571176171302797,0.013600737152926536,0.5136459272147369,0.8627649942741655,0.4567755351015537,-0.32138867311466063,0.04489325645532903,0.35268554864049934,0.3035925868523221,-0.040366195011299684,0.23953026319486165,0.5269948149048996,0.37951728580360544,-0.27009618732144824,0.4612951100441243,0.6109736792230333,0.2716311753471837,-0.32603159080380933,0.8758773579984509,1.296900969262624,0.5049905940907264,-0.20022926724836895,,,,,,,,,,,,,,,,,,,,,,,
,,,,,,,,,,,,,,,,,,,,,,,1674233661.6298566,0.9624201059341432,0.013937953064978803,0.5300751754610173,0.8790308375377115,0.484931148278636,-0.3161505232314483,0.05347792396977801,0.34106778815552613,0.2975223277580516,-0.042846336880811194,0.2456304477842384,0.4846216139356878,0.28971150005432883,-0.2550335857972499,0.5012298493021299,0.5445701278755676,0.13949190921326263,-0.3387057460062928,0.960395839392764,1.2008937559065902,0.4683225621647688,-0.2285789363240518,,,,,,,,,,,,,,,,,,,,,,,
,,,,,,,,,,,,,,,,,,,,,,,1674233661.780532,0.9704462885856628,0.01397973634677374,0.5408450876444242,0.826300459504037,0.4538198784387265,-0.3234768828703021,0.07026173833829175,0.38910347542720014,0.3680835402184198,-0.053175044269032405,0.24531760956777535,0.528574188091097,0.43554415424725196,-0.2637239991336062,0.4513140164295959,0.625353452507787,0.30589293204852486,-0.3140079912081468,0.8563863103028992,1.3283934527760393,0.4956619186484575,-0.18229063416416125,,,,,,,,,,,,,,,,,,,,,,,
,,,,,,,,,,,,,,,,,,,,,,,1674233661.927983,0.967871069908142,0.014290897559237516,0.5545143688184662,0.8677025742926413,0.44739500891394574,-0.294683603047869,0.07163875651063156,0.37599234760491995,0.343093375999359,-0.053871715760422496,0.2478229844488973,0.5018772535027155,0.3592612461745396,-0.27536585263381896,0.4658600330394065,0.6035333690508256,0.2531981980945537,-0.3071333683738131,0.9081902787016602,1.282635970266826,0.4745673532432698,-0.14133824223089553,,,,,,,,,,,,,,,,,,,,,,,
,,,,,,,,,,,,,,,,,,,,,,,1674233662.0799854,0.9662381410598756,0.014110503326035584,0.533853019541918,0.8400924844391845,0.4546505706064722,-0.3117025117470402,0.050256212301269525,0.33748091446875794,0.2980430409274318,-0.03967217704673986,0.244777983580966,0.5049100430315878,0.36889382701975565,-0.28628787693124563,0.4573862193534599,0.6219301332915036,0.27738412685197356,-0.3220628937482295,0.8595908242689445,1.3328899806999543,0.4932463247518363,-0.15234074517069063,,,,,,,,,,,,,,,,,,,,,,,
,,,,,,,,,,,,,,,,,,,,,,,1674233662.2201645,0.96386581659317,0.013943853916716266,0.529885238680007,0.8724393443754742,0.4672351459406959,-0.3145234987543346,0.055919995180210506,0.35586783986594317,0.3062994428136199,-0.04690939035787833,0.23948275230229846,0.4957357807246465,0.3509352369200439,-0.2675160168504913,0.4668987140633926,0.6388646786919863,0.2774573417062918,-0.3374017293320519,0.8691549509643463,1.3272541420273987,0.4822904130312093,-0.16043243555940243,,,,,,,,,,,,,,,,,,,,,,,
,,,,,,,,,,,,,,,,,,,,,,,1674233662.3545508,0.9603642225265504,0.013975026117962306,0.5155999072204525,0.8629711074224,0.4765137356390419,-0.3270960274902279,0.0563665749291058,0.3275277304181722,0.26956275254623685,-0.059821313753556364,0.2423075244286421,0.4897775024534171,0.28183969894206395,-0.26975461658721933,0.4743630074390764,0.5397339248204955,0.15386918129687932,-0.30821942379481765,0.9174587958426909,1.2336535909758988,0.4891745664363217,-0.15039537450804066,,,,,,,,,,,,,,,,,,,,,,,
,,,,,,,,,,,,,,,,,,,,,,,1674233662.4782217,0.9710469245910645,0.013878393042765058,0.5297016174197485,0.8513900252125901,0.4581391655075599,-0.31515882229578907,0.0677427148635843,0.3931165300664489,0.3600267703198478,-0.05289990442095328,0.26169814671947833,0.5477351072339528,0.38984379176114237,-0.2985553707350359,0.4909426571688265,0.6446511459391634,0.288027519292811,-0.34782346202540454,0.8640958651329961,1.2910706766698015,0.5212557596396125,-0.15722000766544086,,,,,,,,,,,,,,,,,,,,,,,
,,,,,,,,,,,,,,,,,,,,,,,1674233662.607971,0.9468964338302612,0.013876098990455608,0.52141020877127,0.8876128783527341,0.4493160135545732,-0.3249255576075733,0.0457304278026518,0.3139155731915975,0.2301756587617131,-0.054921632422534124,0.23670823227331936,0.4745966315495927,0.27247011015235,-0.2637389957913548,0.4560678772895215,0.5309753528124039,0.15141635378038332,-0.30458129727336164,0.9205089232176032,1.3024828219505031,0.46188148952647,-0.15946534089240846,,,,,,,,,,,,,,,,,,,,,,,
,,,,,,,,,,,,,,,,,,,,,,,1674233662.7593303,0.955295205116272,0.014076202375408185,0.5342786221973964,0.8746499270568637,0.4491869756443382,-0.31851486893538095,0.042728142739383294,0.3163424789206458,0.219340830817306,-0.06295083548154601,0.22710044555002495,0.4516114119927685,0.24627160369854534,-0.2628442783545273,0.44851408258244824,0.5749749475955209,0.2014403566787622,-0.3044636524443267,0.9182674863153792,1.3245382833544272,0.4475004495345716,-0.1471096495304343,,,,,,,,,,,,,,,,,,,,,,,
,,,,,,,,,,,,,,,,,,,,,,,1674233662.8974855,0.955209732055664,0.0141552382005381,0.536302783440251,0.8500610936309038,0.4642176258334729,-0.31730038538937944,0.05551568655695461,0.32893029362507686,0.2598567739361594,-0.0485731203888875,0.22453064777149254,0.4643961724861271,0.2866880585414202,-0.24410514127796645,0.43319024512363047,0.5687001264541761,0.2148401531768147,-0.25364868303107935,0.8957504571051523,1.315387636135634,0.4642322657270352,-0.011782636829746453,,,,,,,,,,,,,,,,,,,,,,,
,,,,,,,,,,,,,,,,,,,,,,,1674233663.0054715,0.937284767627716,0.0134783816450863,0.5084873798821503,0.8882821690374304,0.4516033975270545,-0.34280181415769734,0.044160371965583416,0.3030048294389584,0.20734937195959963,-0.04869447410841364,0.24764182605733026,0.4996528184132515,0.26474271988559367,-0.25422800538553325,0.4819395116915612,0.6071874089657917,0.1977675425219365,-0.2798870443855792,0.9286234649460332,1.273883019121013,0.4842525124659805,-0.12233291182766637,,,,,,,,,,,,,,,,,,,,,,,
,,,,,,,,,,,,,,,,,,,,,,,1674233663.1074662,0.960273444652557,0.013309528565195627,0.5132718103151843,0.8438771227394266,0.4542949345452801,-0.35612161685843,0.053140627744203695,0.35147017731282676,0.2490184741118754,-0.05923190280265666,0.23874545230025604,0.5020423015772522,0.27470137657992943,-0.23441646718090944,0.4751204724691967,0.688261795277835,0.2885691764713476,-0.2990273151211067,0.8856313445397735,1.3765100486205988,0.4699250357177097,-0.10127946981641588,,,,,,,,,,,,,,,,,,,,,,,
,,,,,,,,,,,,,,,,,,,,,,,1674233663.2324674,0.945138990879059,0.01349811093069331,0.5079406423206332,0.918344535325988,0.4084483498648974,-0.3334895150566064,0.04043768203438392,0.29422933927021894,0.17452290621459082,-0.0657784200428142,0.23086239788009694,0.4944824846232186,0.2332288594292584,-0.23561925834044306,0.4749660207378778,0.6069186178362911,0.20895195744240114,-0.2681037505498863,0.937183003298253,1.2724236224335057,0.4761969135579165,-0.07757735894179475,,,,,,,,,,,,,,,,,,,,,,,
,,,,,,,,,,,,,,,,,,,,,,,1674233663.3745267,0.973346471786499,0.013570341396645704,0.534857069854596,0.8336729854430842,0.44163733097957114,-0.33151175647240144,0.07382192735333204,0.37112356365010335,0.2960996317458468,-0.04993003976263699,0.26710793523503673,0.5411765735685063,0.3687221314025353,-0.2650478163406351,0.4816299447214787,0.6819170246396266,0.35662383729902103,-0.288374684425079,0.896940429099737,1.2870699479345866,0.4933837557595015,-0.09808833994288382,,,,,,,,,,,,,,,,,,,,,,,
,,,,,,,,,,,,,,,,,,,,,,,1674233663.5196636,0.9641229510307312,0.013358138696828004,0.5315448943168608,0.8579497869832666,0.41267405698821646,-0.33705815232992364,0.07882282826349662,0.3472051853201957,0.27391465588820624,-0.059685474952155364,0.2582924955793641,0.5052569552664902,0.32759580913720776,-0.25587952383716933,0.4949774616475575,0.6631935012813138,0.31035256268285366,-0.294158798420598,0.948864452631371,1.248739920365581,0.468681054977621,-0.055379022990172284,,,,,,,,,,,,,,,,,,,,,,,
,,,,,,,,,,,,,,,,,,,,,,,1674233663.6591547,0.9674428105354306,0.01353273709068148,0.5754209044453633,0.8717699370348287,0.4074094869257892,-0.3042629310807676,0.07340225888363827,0.3890700101640306,0.3114378174353245,-0.05390661057632905,0.2674616885038059,0.5410431877910452,0.4028393512171676,-0.2729466234119724,0.4884676857975777,0.711160257906034,0.40423213664931673,-0.3305294348606074,0.885201910004743,1.2888431526563728,0.518345979301634,-0.14046400445069773,,,,,,,,,,,,,,,,,,,,,,,
,,,,,,,,,,,,,,,,,,,,,,,1674233663.7981684,0.9617420434951782,0.014041343934204422,0.5858365211235553,0.8660829866506967,0.41069300441166656,-0.31040529901267316,0.08357527601223372,0.35327406697223773,0.2572713051002365,-0.06905076222209995,0.2578489881875909,0.5254973665061382,0.3837747833229299,-0.2804249045912374,0.4809742113963784,0.71068997342456,0.380342146039397,-0.29914526586444573,0.9081408839756884,1.268899844327681,0.4927622282978358,-0.10455702613129292,,,,,,,,,,,,,,,,,,,,,,,
,,,,,,,,,,,,,,,,,,,,,,,1674233663.9361198,0.9724853634834288,0.01400130335379135,0.5643408038006807,0.8188683498987263,0.4643942617485469,-0.3142387677134324,0.07209794065023135,0.37644891475819775,0.30007378468690266,-0.04808797674341747,0.2467559433783215,0.5361847643793123,0.3697719154778005,-0.27101945072548445,0.4744214354749148,0.6920238616120609,0.3192291980193868,-0.2855874472706228,0.8741251969360189,1.220725435946687,0.4931798392294458,-0.0868528764335963,,,,,,,,,,,,,,,,,,,,,,,
,,,,,,,,,,,,,,,,,,,,,,,1674233664.083242,0.9697314500808716,0.014634554975196497,0.5661260817197444,0.7919012118168998,0.4776455609000428,-0.30811324169629506,0.07775070685705154,0.32247571009449716,0.23182879458461536,-0.04438462775388974,0.2393044043773389,0.4707904054256152,0.2767191912306149,-0.26510062202729573,0.4529874224923844,0.6024980602550405,0.2267167590403341,-0.2449140837303161,0.8677038632577183,1.2158416492972925,0.4941978325674832,-6.276859849806475,,,,,,,,,,,,,,,,,,,,,,,
,,,,,,,,,,,,,,,,,,,,,,,1674233664.2200708,0.9633683562278748,0.014693688032235915,0.5435017295016453,0.8315458814142431,0.4784584385356462,-0.29637431403197345,0.060846333680023776,0.32021233795935194,0.21267086509693317,-0.04673150276013649,0.2247737505079624,0.4563072635238057,0.2537962097990803,-0.26097399843175584,0.41311246174743177,0.5257570793505228,0.1989002087140103,-0.2419824050622936,0.8301923819994803,1.2703818459023297,0.5154920019250321,-0.039331789612988555,,,,,,,,,,,,,,,,,,,,,,,
,,,,,,,,,,,,,,,,,,,,,,,1674233664.3659418,0.9665831923484802,0.01453681337483026,0.5310874382488436,0.8616572153136549,0.4887199113793684,-0.33161524876348114,0.06991520190750089,0.3083355981441134,0.19424692868306323,-0.07674530052670558,0.22692704143947354,0.4594884704314203,0.2373936657807901,-0.261230084501348,0.42569343100859136,0.6311402403017129,0.2952310062083414,-0.2216811474350666,0.8861667552735976,1.2720493121423426,0.4630917694159461,-0.0409151529034557,,,,,,,,,,,,,,,,,,,,,,,
,,,,,,,,,,,,,,,,,,,,,,,1674233664.4996836,0.9697052836418152,0.014611943250490088,0.5459818139092851,0.8371170640358891,0.4510438651149712,-0.3169601786356093,0.06527327911557458,0.31345775795501746,0.22300427856664243,-0.052606068412192286,0.22406957994969187,0.4649603208189475,0.2637572919779589,-0.25601087429253117,0.41418663025708913,0.5925257472892426,0.2421955429411923,-0.21528186133586574,0.8660558757498426,1.2988455304095459,0.4661818640651999,-6.225181433908601,,,,,,,,,,,,,,,,,,,,,,,
,,,,,,,,,,,,,,,,,,,,,,,1674233664.6351047,0.9575400352478028,0.014625615295266847,0.50308932537272,0.8363170183657358,0.43705339544300326,-0.3521458348087982,0.0550882835290718,0.3229308165376486,0.20222628055589534,-0.06176194334047346,0.22549834149296805,0.5069512796143671,0.257579379053526,-0.2370522938663595,0.4429954718453883,0.6916284347750044,0.27826509034716973,-0.1972490372791267,0.903114903988732,1.2742963809849281,0.4550282257072517,-6.089870694474569,,,,,,,,,,,,,,,,,,,,,,,
,,,,,,,,,,,,,,,,,,,,,,,1674233664.7556663,0.9520161747932434,0.014369651806740878,0.5196151322810012,0.8594458478151885,0.428158324333425,-0.3568134544726473,0.059020838387430434,0.31720151831529364,0.20713458113417824,-0.05469293417164601,0.2277658814443435,0.4994181703883353,0.2550056804640133,-0.22987549096575366,0.4410761654106489,0.6848910560088056,0.29132612054409845,-0.18246696795373957,0.9177621415266506,1.3012690079703935,0.4579618322650288,-6.103598938344583,,,,,,,,,,,,,,,,,,,,,,,
,,,,,,,,,,,,,,,,,,,,,,,1674233664.8890476,0.9579019546508788,0.014292554174792471,0.52820432954548,0.8230434806702671,0.4392653547210825,-0.34010172615921436,0.0516273565664238,0.3561796718449658,0.2564087849228454,-0.048437518392826284,0.23186897434494866,0.5335210429832244,0.3114466018236949,-0.2362095646030902,0.4253991893071287,0.658478779817942,0.2667473549756301,-0.20027486859442686,0.9159875103819484,1.3650769373594216,0.4373182422020498,-6.244697088668214,,,,,,,,,,,,,,,,,,,,,,,
,,,,,,,,,,,,,,,,,,,,,,,1674233665.0371678,0.953385651111603,0.01453893498949643,0.5318531532685311,0.8564128839863219,0.42320240288524796,-0.34232171598491196,0.06947514013726196,0.3450943061427714,0.2594678793522956,-0.053270261957754084,0.2342918545729757,0.5186265304593939,0.29461912419563213,-0.22267002219517448,0.42964811199631336,0.6729847454588859,0.2868452264577927,-0.19040511949125394,0.9524118557061136,1.3678801502200155,0.4083331241747104,-6.1293145274484,,,,,,,,,,,,,,,,,,,,,,,
,,,,,,,,,,,,,,,,,,,,,,,1674233665.1661587,0.9489977955818176,0.014428532834530829,0.5167824694199976,0.8656694498579928,0.42999133418364893,-0.3476417613900247,0.04683013039083672,0.3281434894840947,0.23065680339988384,-0.03868395682497239,0.2265063501875306,0.525608129567239,0.2711930389233965,-0.21141600446235875,0.43615806198787777,0.6912391363152092,0.27531587428761833,-0.14642108704952014,0.9449221117083454,1.31919539110646,0.42965015046160804,-6.028236192122113,,,,,,,,,,,,,,,,,,,,,,,
,,,,,,,,,,,,,,,,,,,,,,,1674233665.308161,0.9493334293365479,0.01449605147584965,0.5256758571907652,0.8289336844372801,0.4576451920472728,-0.33241577745564044,0.04415026420778245,0.31743563347925363,0.22314464817820134,-0.04076935319448838,0.21284537633751774,0.5018194912372724,0.2813270422829968,-0.2087336430011066,0.41810337417246884,0.6224266833723523,0.2397627031736932,-0.1690193266923767,0.9207431909426737,1.3472487679436513,0.4264145738308672,-6.100177484048692,,,,,,,,,,,,,,,,,,,,,,,
,,,,,,,,,,,,,,,,,,,,,,,1674233665.4532921,0.9633373618125916,0.014516188180346388,0.5493093407473236,0.8215170431349258,0.44977058178537604,-0.3128921845365626,0.07702216184279909,0.37561457475079524,0.3096686369180579,-0.059055974140442835,0.2351712261390686,0.5288695340337309,0.33120195889480797,-0.2285419672428124,0.42103999102903694,0.5903184929071484,0.2158650663866896,-0.2048400463491582,0.9134104084664701,1.335542339142604,0.4322320464338992,-6.26202476960446,,,,,,,,,,,,,,,,,,,,,,,
,,,,,,,,,,,,,,,,,,,,,,,1674233665.593501,0.9620025753974915,0.014203369440666691,0.5319693337723748,0.8431922603567081,0.4786066173887494,-0.3296559680170925,0.06585689200265589,0.3284787628103307,0.2363023530765412,-0.0717664778656868,0.23165746266122375,0.4928424925973149,0.25827918852019904,-0.23500027545614266,0.43976613670556297,0.6482695855329658,0.21268501854702937,-0.1836281282660437,0.9254950735078024,1.342121247629558,0.40737220298652005,-6.177726178315129,,,,,,,,,,,,,,,,,,,,,,,
,,,,,,,,,,,,,,,,,,,,,,,1674233665.7370498,0.9644320011138916,0.014319335891285869,0.5177920189003649,0.8185835763376343,0.4913477087971014,-0.3340392994646674,0.06280788744755839,0.3212847783504185,0.22259512269585804,-0.06938768247865656,0.22685273487940624,0.4919692420006664,0.25648744065097645,-0.2351091221736325,0.42595654238683744,0.6148346195992966,0.22296569309629127,-0.18802823351018727,0.852641355191253,1.2903367813457454,0.4679226475083395,-6.203389702057914,,,,,,,,,,,,,,,,,,,,,,,
,,,,,,,,,,,,,,,,,,,,,,,1674233665.8800366,0.961382210254669,0.014376321328392729,0.5308654060342407,0.8259665597447859,0.4812886564552805,-0.32299379429640496,0.06402203105158753,0.345477647039038,0.2655380968656908,-0.056025121962006715,0.2422743414353525,0.5117857638163289,0.3139875142481725,-0.26148370861045533,0.4430576694886761,0.6256447604484503,0.2633278477392845,-0.2448872409061558,0.8671388338496379,1.3300718097631856,0.4700072109269946,-6.27960558121043,,,,,,,,,,,,,,,,,,,,,,,
,,,,,,,,,,,,,,,,,,,,,,,1674233666.018455,0.9594870209693908,0.014029252350293397,0.5074371376382034,0.8384727527341926,0.4830907938091252,-0.34466925778413854,0.05948735849809239,0.315754761322975,0.21695470026951727,-0.06180542494866481,0.2337231612057127,0.4911414680728541,0.26920367137583917,-0.2568099951139469,0.43198403279232656,0.601622209147528,0.2302659363599508,-0.23224770363089675,0.8580668813964127,1.3237637332082195,0.47705903406504,-6.234432025019897,,,,,,,,,,,,,,,,,,,,,,,
,,,,,,,,,,,,,,,,,,,,,,,1674233666.1609852,0.9590812325477598,0.014199514077610331,0.5227046951559715,0.8469295490258604,0.4594596474707416,-0.33354250949703207,0.06258010939618641,0.3322560827400701,0.24859964680576635,-0.05299942983839934,0.2391462860321325,0.5057020059252909,0.2936701468840464,-0.2596303641422075,0.4515651557819007,0.5911576120500097,0.22046007334714146,-0.2844093523855728,0.862043344280746,1.2662190746518451,0.4948049082813953,-0.11883962184816088,,,,,,,,,,,,,,,,,,,,,,,
,,,,,,,,,,,,,,,,,,,,,,,1674233666.3105724,0.9690992832183836,0.01417274187158668,0.5185750182992881,0.8207351708068192,0.4799041559009403,-0.3234934061371213,0.0723551860889202,0.36208340500731334,0.2867448249509668,-0.052313866009848546,0.25865577124933825,0.5210778750322893,0.3371578544716916,-0.28964818695822947,0.4618097588437431,0.630305019518078,0.2719013190454918,-0.3123759809239548,0.8326622668401189,1.3193336440586625,0.5123090744089513,-0.1191669661445425,,,,,,,,,,,,,,,,,,,,,,,
,,,,,,,,,,,,,,,,,,,,,,,1674233666.467335,0.966083824634552,0.01447552623968562,0.5379591538424559,0.8283696021270262,0.4543822924009665,-0.316112319715633,0.06559361321432577,0.3702449352114118,0.30137622269681147,-0.03158402324207588,0.2419175019730315,0.5040402820814829,0.3232141841199376,-0.24398345594659926,0.435540761377887,0.5796614437919642,0.2346628075618105,-0.24131209889096894,0.8331087511924093,1.3581661768612998,0.5007570685131216,-6.242433580443138,,,,,,,,,,,,,,,,,,,,,,,
,,,,,,,,,,,,,,,,,,,,,,,1674233666.606333,0.9612705707550048,0.014309831876350819,0.5129845794354346,0.8214887468899505,0.4914779079374625,-0.3258692110016703,0.06529855853129841,0.3643911218095926,0.2856537712184494,-0.05438263595679426,0.2368547548275614,0.5023037969053664,0.30791429808911247,-0.2602982990320948,0.4376862869344809,0.598955048969492,0.2387075289250589,-0.25902266381406885,0.8533607989933863,1.3103542566646653,0.4774141909677989,-0.044977484804426204,,,,,,,,,,,,,,,,,,,,,,,
,,,,,,,,,,,,,,,,,,,,,,,1674233666.7579622,0.9640495777130128,0.0146220824166976,0.5407846481996685,0.8237261591009252,0.4731567617684985,-0.3054721887627178,0.06164611337861948,0.3369139907549037,0.2649173686336214,-0.058548127592161776,0.24636532603612646,0.4971203312829872,0.35320828672011745,-0.2975731345842889,0.42890315538157786,0.5783664150523697,0.25829586468689836,-0.2692898583494374,0.8393244446368927,1.3765624631389584,0.4818995666735277,-6.282059288213351,,,,,,,,,,,,,,,,,,,,,,,
,,,,,,,,,,,,,,,,,,,,,,,1674233669.0614867,0.9638034105300904,0.014834831887428734,0.5529875252341733,0.8730292383737606,0.4809735397337807,-0.2991346577808027,0.07254007365601822,0.3621676873790503,0.318620423681698,-0.04389964418598157,0.2625724821742668,0.5313048537614506,0.395776571175563,-0.243184665736921,0.488454671778467,0.6242690869809455,0.25700292498829713,-0.25523339861576755,0.928959134665571,1.2592091168980295,0.4815144938325949,-0.06287667508487838,,,,,,,,,,,,,,,,,,,,,,,
,,,,,,,,,,,,,,,,,,,,,,,1674233669.2060583,0.9877710938453672,0.015198864965251246,0.5018559806695313,0.8524213789699551,0.5178142222980879,-0.3333689445596124,0.10153693903948556,0.4553922878780838,0.3830555910355692,-6.279700451140268,0.4594761281191087,1.1912030046735251,0.8462928878669869,-0.5094954441686732,0.5905732885260719,1.3075182396789167,0.5722237730170326,-0.2753658862065049,0.8623311216403095,1.4696413450047012,0.4686445621169797,-6.069831543400229,,,,,,,,,,,,,,,,,,,,,,,
,,,,,,,,,,,,,,,,,,,,,,,1674233669.3490713,0.990777313709259,0.01515662514380889,0.5795499555558231,0.8977274405291651,0.4972785910565589,-0.3303975098357874,0.09378202124151523,0.3246126483326803,0.21208285286558043,-0.04216753869803691,0.35081579254541534,0.8678875310559314,0.840430075400805,-0.2559465729009873,0.7090834125123813,1.5942449547412363,0.4657152142408306,-0.30493993058548163,1.0041048430614323,1.421232949156512,0.4170106164055674,-6.218978767385356,,,,,,,,,,,,,,,,,,,,,,,
,,,,,,,,,,,,,,,,,,,,,,,1674233669.4882972,0.9870951771736144,0.015136812244126219,0.5573676747523844,0.851350166084148,0.5648178515669188,-0.32410842700550857,0.08627434916674392,0.31551629192741343,0.24328376078646394,-0.06205311936188008,0.280231106628078,0.6011797821584701,0.4667515222598938,-0.2344926720637428,0.6778600891035853,1.6197409837328207,0.4874654987631935,-0.367949909249472,1.016302817469097,1.3801511520701761,0.4251128674254329,-6.265850684873205,,,,,,,,,,,,,,,,,,,,,,,
,,,,,,,,,,,,,,,,,,,,,,,1674233669.622663,0.9845582246780398,0.015233372693888466,0.5751656413982813,0.8539281731867437,0.4894494132594751,-0.2970917812105718,0.07266389176128117,0.32835479026512626,0.25333251727365164,-0.07053566231337527,0.28217328691685983,0.597491921637324,0.4115180391902221,-0.26239368424491705,0.6029967316298332,1.4908373012204241,0.553364932565232,-0.30834650066907354,0.9396667066082212,1.4112351472954103,0.4568831836370839,-6.26709850645989,,,,,,,,,,,,,,,,,,,,,,,
,,,,,,,,,,,,,,,,,,,,,,,1674233669.7722013,0.973772406578064,0.015334105468158832,0.5144457766695999,0.831238509251986,0.5145162706670522,-0.3176627478726055,0.05927879975124072,0.3232262805289659,0.24255457031804256,-0.06056815319608111,0.2396180470197731,0.50713975419813,0.33324468216461933,-0.2683132649350619,0.4609106234375178,0.7567567373529533,0.3470719217325547,-0.2367336946179885,0.8511310239467149,1.2912195642689832,0.4780637595220644,-6.2609314134667615,,,,,,,,,,,,,,,,,,,,,,,
,,,,,,,,,,,,,,,,,,,,,,,1674233669.922756,0.9714028835296628,0.014907067359386515,0.5323398509640292,0.8652850819162738,0.5117492136547145,-0.3109172507560612,0.0637010744104516,0.3047366303358704,0.2179187182438541,-0.0625562690599697,0.2473516408728633,0.4730137073895745,0.2966651761806324,-0.26927024844606334,0.4652254637706932,0.7162084243533655,0.3226777958199223,-0.24904170025214786,0.8361398648969676,1.303376794936992,0.4931545814039851,-6.2479696273602165,,,,,,,,,,,,,,,,,,,,,,,
,,,,,,,,,,,,,,,,,,,,,,,1674233670.0621293,0.9752545952796936,0.014853669932182182,0.5393135029053976,0.8332499762229668,0.4902740404390982,-0.30807728177856974,0.06053299060260064,0.27611304702451284,0.18277923677558522,-0.06630994960912552,0.25096456993351923,0.4593803537195072,0.26073228554788386,-0.287662973092214,0.4649885159175526,0.7314220776702016,0.3291645173036236,-0.23884725255449446,0.8396178400606433,1.3080218351472228,0.4992926172974668,-6.228726804800278,,,,,,,,,,,,,,,,,,,,,,,
,,,,,,,,,,,,,,,,,,,,,,,1674233670.1985023,0.973401129245758,0.014805818420328796,0.5441240156804804,0.8737095326137339,0.4510949615666761,-0.3102397176480025,0.060190593419688014,0.3237067223697198,0.23923705098465184,-0.056373247351162,0.25399694440018233,0.4969784322106028,0.32827673707794325,-0.28325373945826726,0.4600294523132025,0.6792830803027162,0.291148337493003,-0.27749000441281524,0.8431436778100196,1.3586647590262264,0.4833827180814314,-6.222025925232996,,,,,,,,,,,,,,,,,,,,,,,
,,,,,,,,,,,,,,,,,,,,,,,1674233670.3284583,0.974229574203491,0.014813965789443271,0.5295235880449706,0.8424231973710194,0.4887811223488234,-0.3066709420431071,0.06060667240855011,0.2841891569416829,0.18347382965434664,-0.06657480653550474,0.2272424256239081,0.4781229220868258,0.2601929554514694,-0.2627092788199357,0.44648267614501286,0.708211887358994,0.27453312821037845,-0.2362866909447563,0.8810042518662514,1.254251393578218,0.44726194499096067,-6.21917721938128,,,,,,,,,,,,,,,,,,,,,,,
,,,,,,,,,,,,,,,,,,,,,,,1674233670.480825,0.9714840650558472,0.01495553610343414,0.5278425302630998,0.8444340050665723,0.4992504172907985,-0.30364673357549554,0.06837612572729812,0.3576051617302876,0.3096698529972124,-0.037474872653449065,0.2654646060405525,0.5453286368826725,0.37658377932067033,-0.27952863944433215,0.4964957708535689,0.7030368851671918,0.2923475412936188,-0.28880824496549623,0.8742902657875365,1.2637342316163998,0.4899444017698067,-6.189397520231268,,,,,,,,,,,,,,,,,,,,,,,
,,,,,,,,,,,,,,,,,,,,,,,1674233670.6233644,0.9725669622421262,0.014742425556572238,0.5096035351373907,0.8531036325771497,0.4896902891065683,-0.30324538757412783,0.0603714247917253,0.3463208470884631,0.25732901050029394,-0.05469753632946528,0.23317816501655295,0.5372137333892006,0.35905882384280563,-0.25993005502078503,0.4464087674447139,0.6530368833452308,0.2605292838956749,-0.262617510531899,0.869164956738321,1.2581940467482386,0.4709483170296895,-6.2270807541976785,,,,,,,,,,,,,,,,,,,,,,,
,,,,,,,,,,,,,,,,,,,,,,,1674233670.763011,0.9715545177459713,0.014470666969519819,0.5560269677668552,0.8723498151609905,0.420181814822239,-0.3210670921198848,0.08357405881168845,0.3445879312168845,0.2625463667617262,-0.04607142580442058,0.2788930509927421,0.6238888448184462,0.5276855905453656,-0.2585326302057145,0.5170956906357449,1.0726086225150846,0.6089883703318579,-0.2405605909615533,0.9304740858957724,1.3599837712658267,0.4713400946824569,-6.1888394847683745,,,,,,,,,,,,,,,,,,,,,,,
,,,,,,,,,,,,,,,,,,,,,,,1674233670.843388,0.9932044744491578,0.014754098783010147,0.6007938209274836,0.8329065602757907,0.6293051579117146,-0.2469687058857901,0.07762141221143581,0.20214734127237696,0.12173144902374948,-0.07199373434543553,0.2651198176859961,0.39068227723884913,0.09182976864154906,-0.24230174557919426,0.7497232990820248,1.6887599294019393,0.4312362482158524,-0.3515464005584983,1.050563752227564,1.3709335365184383,0.3786517718723662,-6.025080987435265,,,,,,,,,,,,,,,,,,,,,,,
,,,,,,,,,,,,,,,,,,,,,,,1674233670.9505267,0.9916579127311707,0.015392429762145278,0.6281470657170622,0.915433849782742,0.5883537185178319,-0.23122652308221125,0.08922489142123523,0.21444768916298848,0.1354087770675201,-0.08641088426192223,0.2571317180376149,0.3459149201562548,0.03817396068678688,-0.2248811992591042,0.7906576754271519,1.6912953481979807,0.39309541188599,-0.17901576296637245,1.1645258738967204,1.3082008797901497,0.37094973109456314,-5.6638532723373896,,,,,,,,,,,,,,,,,,,,,,,
,,,,,,,,,,,,,,,,,,,,,,,1674233671.080518,0.9563150405883788,0.014000274277954361,0.5537831824141587,0.968946110752226,0.4383423761580185,-0.30887610076130745,0.08031088562209286,0.2468251832856916,0.14114910479494472,-0.11147531887686755,0.23330200277996166,0.41349873210790233,0.08960762481700382,-0.24135553794320905,0.432582843763544,0.4970251812303492,0.004504173391058032,-0.13817549729076184,1.0263407352770386,1.2414164547461195,0.5857592171870089,-5.408231009341991,,,,,,,,,,,,,,,,,,,,,,,
,,,,,,,,,,,,,,,,,,,,,,,1674233671.2295697,0.989141285419464,0.014321031344639579,0.5407338368134109,0.880526089713423,0.498415597783246,-0.3085380264718233,0.0628612936168098,0.28752659026554844,0.1392065582852139,-0.10233168289498541,0.21361218377768365,0.5085658077906579,0.20328091807006982,-0.2628852859331676,0.4108050186846551,0.7039582834932594,0.21877220276407244,-0.13662149616535268,0.6962696344421713,1.0876046296687742,0.5254939881860347,-6.052524500519176,,,,,,,,,,,,,,,,,,,,,,,
,,,,,,,,,,,,,,,,,,,,,,,1674233671.3798041,0.9917431473731994,0.014641550969335173,0.5670855016267926,0.8504546873016353,0.514421505430194,-0.31249323597617806,0.11979338527739222,0.36311508765527517,0.2872871763333659,-0.09938211865008027,0.2675841495621642,0.5241248704995513,0.3463692805912041,-0.326615552245062,0.4566913932801885,0.6441736310901224,0.3123202202772932,-0.25721132809068026,0.7781888151287615,1.0893259758385458,0.5661258301571229,-0.042153850572468794,,,,,,,,,,,,,,,,,,,,,,,
,,,,,,,,,,,,,,,,,,,,,,,1674233671.506866,0.9801229238510132,0.01336624297144162,0.5551695082585857,0.8784608081706136,0.4557031331389466,-0.3024692988951956,0.08623966706397954,0.34018963935708957,0.2301039442985483,-0.09277284782250737,0.2566243300780973,0.5030114191521547,0.2435246977502453,-0.3130622854014087,0.4576655293272225,0.6602982987615836,0.2371482283504245,-0.3254180474779922,0.7861410665355617,1.1795486129301438,0.4897484470791773,-0.05302679018512313,,,,,,,,,,,,,,,,,,,,,,,
,,,,,,,,,,,,,,,,,,,,,,,1674233671.6404538,0.9784860014915464,0.013265956244832287,0.5446243244626601,0.8263826056777137,0.4765398652528847,-0.3068782717515379,0.059365790828804325,0.3268361234009198,0.23307752087360606,-0.09170770381373838,0.2371388075559229,0.4898178001238669,0.21563627002046065,-0.3359057348082972,0.4326337939799765,0.6095091665460216,0.183641060692827,-0.3397159577752169,0.7693031954155457,1.1407294115557831,0.4452245075805796,-0.05291062802700841,,,,,,,,,,,,,,,,,,,,,,,
,,,,,,,,,,,,,,,,,,,,,,,1674233671.7793472,0.9791606664657592,0.013977453635559913,0.5282284550978336,0.8467232421384033,0.5082982470448928,-0.31502680878841277,0.0723570119236645,0.32342208092822267,0.2434168094420568,-0.08851513099547591,0.2240349516769906,0.5067790088945586,0.2453233687420258,-0.30098707711115225,0.4130086098143817,0.545412114046729,0.13296235702985632,-0.24720062426818004,0.7798751357199188,1.0945166866657232,0.4427019378167475,-6.221111807762652,,,,,,,,,,,,,,,,,,,,,,,
,,,,,,,,,,,,,,,,,,,,,,,1674233671.911077,0.9802615046501157,0.014740296937224784,0.569160820299888,0.8364846716030756,0.47502714103345,-0.33267574169386105,0.09645580505990516,0.34729429596374006,0.2854389647582508,-0.05328838945402304,0.2834555019569632,0.5502197120467898,0.34777256734303363,-0.31099018905969,0.4940792582802512,0.7544290066541112,0.3057653683363936,-0.21874675789791098,0.8873250790088845,1.1840990884383,0.4875878534951011,-6.088738131043614,,,,,,,,,,,,,,,,,,,,,,,
,,,,,,,,,,,,,,,,,,,,,,,1674233672.0563612,0.9745892882347108,0.013766598982640765,0.4769793152000621,0.8031626744426903,0.5169068628616194,-0.3466500994693629,0.08335291803049927,0.34408504422384395,0.22521138609434976,-0.0824418535098972,0.2413144784172774,0.4994208316962337,0.2748496386322288,-0.29177108520927586,0.4270668135277376,0.6688852839779416,0.3081704618028164,-0.24475602201714966,0.8047854976116557,1.3050833699808557,0.4997641075325439,-6.187125260193078,,,,,,,,,,,,,,,,,,,,,,,
,,,,,,,,,,,,,,,,,,,,,,,1674233672.1994233,0.9784290194511412,0.014012607314855426,0.4751173428274589,0.7392896164056435,0.5487348416209389,-0.3548790763643108,0.06523227190012724,0.32979310261652406,0.22544009387116004,-0.06650303804018033,0.2508310990385745,0.5147509128613001,0.2909760931818923,-0.3138672484600846,0.44273897139957125,0.6665112311537132,0.2780243124015206,-0.2584328480191696,0.7889015691252456,1.2508762013474704,0.5126275433308141,-0.023558505645036032,,,,,,,,,,,,,,,,,,,,,,,
,,,,,,,,,,,,,,,,,,,,,,,1674233672.3365283,0.974778890609741,0.014274071693387569,0.5134908656348715,0.7893439438363159,0.4722919849196673,-0.33595782073673996,0.08289617061608334,0.3681393873163705,0.26437437635558814,-0.07660190451108438,0.25834090168645846,0.5246642287053503,0.30484703555774423,-0.2752060320842076,0.4527821344013216,0.645846126685136,0.29069536549958475,-0.2529848425441292,0.8336265611990321,1.2655371996536202,0.4960939124176614,-6.23627227881212,,,,,,,,,,,,,,,,,,,,,,,
,,,,,,,,,,,,,,,,,,,,,,,1674233672.483374,0.9770428538322448,0.01429782262194834,0.5319513746285027,0.7773979629181645,0.4895175181961048,-0.3051482318564989,0.06581333428561953,0.32351803612261104,0.22848346585192075,-0.0609356422315801,0.25477827054474433,0.4925924070478211,0.2916870231034875,-0.2906038759189915,0.4586648945793637,0.6455712529464422,0.2814999497146217,-0.2780757888486183,0.8453442491302564,1.253226888170481,0.4995915091101466,-0.09565867184996302,,,,,,,,,,,,,,,,,,,,,,,
,,,,,,,,,,,,,,,,,,,,,,,1674233672.6252697,0.9687279462814334,0.014266739617079693,0.529031368636793,0.8216942575803438,0.492165421955735,-0.3210245545040045,0.07708387575142339,0.36510044440872336,0.2788204437973626,-0.05619873043150704,0.2648858809028076,0.5273508262242625,0.3080643579127218,-0.26898550738186655,0.4813465686954812,0.6233092849650687,0.24275280610126584,-0.2941306814386761,0.8655114630598598,1.2275262397675715,0.5108949855950061,-0.12951194855625836,,,,,,,,,,,,,,,,,,,,,,,
,,,,,,,,,,,,,,,,,,,,,,,1674233672.7676,0.9741203188896178,0.014566099987885824,0.5337098700342819,0.7948614483166088,0.5077784638875206,-0.31117702897245625,0.07324906286051736,0.34396618038817356,0.2620859372293808,-0.06405957322390377,0.2672905556203173,0.5173135174954288,0.31490080184019925,-0.2879079834870342,0.4967783525691596,0.6584016829872527,0.28305012322789896,-0.3245538778097097,0.8606141255564653,1.2023530019389441,0.5235966221267538,-0.14712237919607585,,,,,,,,,,,,,,,,,,,,,,,
,,,,,,,,,,,,,,,,,,,,,,,1674233672.9115586,0.96859872341156,0.014583026434429769,0.5132704325740133,0.7994419597270335,0.4993976273980174,-0.31816188335751594,0.05807649440725673,0.33540320276166086,0.2402793552169315,-0.05256770382221587,0.2576463176393333,0.5222428392764771,0.3097919836415319,-0.26819621016417766,0.4709011028648917,0.5967262157693646,0.2200639233548089,-0.2905171015946327,0.8511231516949057,1.2529294445401291,0.4968931992990384,-0.11241100283042504,,,,,,,,,,,,,,,,,,,,,,,
,,,,,,,,,,,,,,,,,,,,,,,1674233673.046619,0.9677325487136842,0.014750094040702598,0.5048044008806345,0.7711892509388102,0.5048075710631864,-0.32276117453702513,0.05565942939323997,0.31975774436740684,0.2342855851754014,-0.04648251573675167,0.2405523758219523,0.5165762769453796,0.3346895917165102,-0.26141809996334064,0.4585913820901637,0.63752325826829,0.2553166003797491,-0.2891349453928997,0.8397434179124147,1.256350947371831,0.4790372007310872,-0.06514334551126177,,,,,,,,,,,,,,,,,,,,,,,
,,,,,,,,,,,,,,,,,,,,,,,1674233673.1545312,0.9714515209197998,0.014425056229960376,0.5216405008540748,0.8348686230028265,0.5008275112235459,-0.2950677599143292,0.0677732344716606,0.3365699929841032,0.2586307818827861,-0.05360567540214412,0.2726087013047698,0.5441167089221057,0.34121146648636236,-0.28499790323096086,0.501343974620756,0.7230627772196435,0.32167514918628654,-0.3028535322396562,0.8573952511411534,1.2639188940398416,0.5143831516239679,-0.02676094687105834,,,,,,,,,,,,,,,,,,,,,,,
,,,,,,,,,,,,,,,,,,,,,,,1674233673.2990074,0.9660176634788512,0.014144782316266813,0.5032240005249946,0.8226527644955391,0.5092247191502464,-0.3159498895749557,0.0572502893887914,0.3310367791240346,0.2492899549109916,-0.034654575989970564,0.2543375021148355,0.517704534203516,0.29992977185580577,-0.2665283809459901,0.4761632750968836,0.6073119107103887,0.2154314941767731,-0.2966733884612656,0.8289318290393518,1.2327737779040258,0.5170531786760849,-0.056647254783416486,,,,,,,,,,,,,,,,,,,,,,,
,,,,,,,,,,,,,,,,,,,,,,,1674233673.4835427,0.9769958257675172,0.014799398315053837,0.567334463870933,0.8689082981893796,0.4763098201653636,-0.30308769799188173,0.08171821626107743,0.3415664668269604,0.2886225085081011,-0.0345976764886724,0.3033366718351154,0.5702708289795343,0.3850399412119904,-0.30807104778149075,0.5508360107139839,0.8907838241906058,0.4640849845875012,-0.3230062564660403,0.8791095577139378,1.2478673049330216,0.530855670059014,-6.175043261647002,,,,,,,,,,,,,,,,,,,,,,,
,,,,,,,,,,,,,,,,,,,,,,,1674233673.6260724,0.969290018081665,0.01485519051509332,0.5391313586048109,0.8716017451155201,0.4894996643962245,-0.3066342877401404,0.07030666767321758,0.3372390159773085,0.2703740763131019,-0.029737865430664805,0.2753930431688789,0.550598170424167,0.354934015340314,-0.2708484801327362,0.5175672668605155,0.7584178125448092,0.3278644322262429,-0.2854559285196916,0.8887593039230918,1.2256567219300776,0.4928839510007895,-6.179068947238809,,,,,,,,,,,,,,,,,,,,,,,
,,,,,,,,,,,,,,,,,,,,,,,1674233673.7206578,0.968799412250519,0.01475452177379477,0.5543315649465366,0.880063726239225,0.4974935699751378,-0.29142171108411447,0.07659920814400992,0.3466845642664099,0.27910459745042154,-0.039812268782846154,0.2620427439825228,0.543955672064143,0.3555106193171755,-0.2652652119104917,0.4872676332752892,0.7061686886011128,0.29510243324263047,-0.2721238129388128,0.8732742523979738,1.2205324399936537,0.4937420037698939,-6.171119110864707,,,,,,,,,,,,,,,,,,,,,,,
,,,,,,,,,,,,,,,,,,,,,,,1674233673.856717,0.9674137234687806,0.014372142039634994,0.5287040432723762,0.8676761967054027,0.490343640519473,-0.3013177265069671,0.06988651901723486,0.30730745805711374,0.2212308226093112,-0.04196331766110495,0.24717778514775196,0.5281211206279777,0.3288979021434012,-0.26070822264211774,0.455482716791058,0.6326548650537518,0.22114012318839935,-0.2576549648632125,0.8390962888284406,1.2048242134527578,0.4988243470778066,-6.204942114005695,,,,,,,,,,,,,,,,,,,,,,,
,,,,,,,,,,,,,,,,,,,,,,,1674233674.0024734,0.9616078734397888,0.014556363400331394,0.5650215354440383,0.862122559707675,0.5188501760233601,-0.3010109045611609,0.07878561019386242,0.2957575534599463,0.21352135477365988,-0.05381063359122429,0.27864375838981115,0.4973547861646254,0.3203774813119497,-0.30188519822663684,0.534222499983954,0.7583816973436448,0.3757615337836557,-0.3592206288801405,0.8939680293512344,1.2273706276076386,0.5193736345955524,-0.06033501655656481,,,,,,,,,,,,,,,,,,,,,,,
,,,,,,,,,,,,,,,,,,,,,,,1674233674.1497936,0.9675104022026062,0.014400579084560938,0.525770877413314,0.8223773711828429,0.5057759659990253,-0.314095219505829,0.054349745542111354,0.3019294110487806,0.2037509800981496,-0.04913501717508061,0.2480170341692327,0.4846570860921776,0.2734234483887261,-0.29038339809302904,0.4558861285764522,0.5599349753566787,0.20424296924809082,-0.30510011784104485,0.8300971564885476,1.2084908168582384,0.50042610116503,-0.10235798004263597,,,,,,,,,,,,,,,,,,,,,,,
,,,,,,,,,,,,,,,,,,,,,,,1674233674.2907856,0.9649088978767398,0.014571485869626418,0.4975143717715818,0.8510997488378798,0.5111993757243231,-0.3261855218068779,0.04371229586473601,0.26749652826207104,0.1786099586164521,-0.043748711428203364,0.244873076341777,0.4473255736371689,0.21513880665287358,-0.30140994857704934,0.4636867114689712,0.5300780221299717,0.1424212821671005,-0.2928808771167674,0.8752318459315827,1.2716321370852097,0.4595014638313084,-0.02895318189158935,,,,,,,,,,,,,,,,,,,,,,,
,,,,,,,,,,,,,,,,,,,,,,,1674233674.4405687,0.9811093211174013,0.014733170725880653,0.4210355638010697,0.7635985111345475,0.550241222122368,-0.39442465115290304,0.06384116831313902,0.31987166376804815,0.15351217182729832,-0.12090340327764305,0.2147100763904555,0.5032601269735868,0.23687006533197905,-0.30573942502321844,0.4560307934887891,0.7499312394621399,0.3678238171147395,-0.33666155405118564,0.7898636826845783,1.203957434871378,0.503584475309093,-0.1843568881447015,,,,,,,,,,,,,,,,,,,,,,,
,,,,,,,,,,,,,,,,,,,,,,,1674233682.9998138,0.9708977937698366,0.027035860543251026,0.3718378066991925,0.6027373438536233,0.4999762975921628,-0.414864520948413,0.3517408544691936,0.9625063190538534,0.5432692192680905,-0.24422225023727814,0.3920141503196963,1.2479828335834562,0.4828767590801065,-0.027859881001195408,0.4881736505229219,1.350145995337212,0.4185688092380043,-5.987942506529266,0.617191448246844,1.120685567288747,0.6114908111944916,-5.660033481264874,,,,,,,,,,,,,,,,,,,,,,,
,,,,,,,,,,,,,,,,,,,,,,,1674233683.3131917,0.9713985919952391,0.02526286564826074,0.4028927336017584,0.662810221091134,0.509980775099065,-0.4515226120744593,0.4517568521217075,0.9541164594684194,0.5594861469618612,-0.391070677738091,0.3638368605629401,1.2122463573534157,0.6170259527478321,-0.11062060086086144,0.43233495075449824,1.3799262947396047,0.5210996751886136,-5.988690986818593,0.6214373188085185,1.0988145812451329,0.7165019149449564,-5.574001121087226,,,,,,,,,,,,,,,,,,,,,,,
,,,,,,,,,,,,,,,,,,,,,,,1674233683.5580697,0.9800844192504884,0.02501211294835537,0.3942192794218804,0.6166967796359046,0.5102765776434607,-0.4378975221364496,0.4801874728564778,0.9265688183700712,0.5528029737599254,-0.43485889947297895,0.3620863308684532,1.185435660271786,0.6059010342088972,-0.15256266415004882,0.4197205946692741,1.327277711570024,0.5122523882838497,-6.052379687416693,0.5906650384384343,1.030142370988957,0.640334363077102,-5.690389927333287,,,,,,,,,,,,,,,,,,,,,,,
,,,,,,,,,,,,,,,,,,,,,,,1674233684.3818412,0.9792119860649108,0.024271282859304133,0.4433226191012425,0.6690426388145492,0.581931609279146,-0.478347837723657,0.5111684370038643,0.8524481894043437,0.5690817252480188,-0.4618206174993297,0.379843899770075,1.2022547048087633,0.72209743925358,-0.1565957192052969,0.4977228478268838,1.4413702823846644,0.6008881131827405,-6.101191221494836,0.7504067676439469,1.4225395083044734,0.6230784642212408,-5.807307569900964,,,,,,,,,,,,,,,,,,,,,,,
,,,,,,,,,,,,,,,,,,,,,,,1674233684.5195732,0.9861231446266177,0.02296576445451226,0.4812823553887866,0.6832582762622953,0.560652914336251,-0.4557265382811679,0.5088111304290002,0.8988010276299082,0.5242165900873572,-0.4612942020715133,0.39540990235577034,1.2205540086981714,0.6663294316407462,-0.20147329203824335,0.5095387339553281,1.421654757529333,0.5822488707122135,-6.137962998503921,0.7799632589663191,1.4149542393635512,0.584813212220482,-5.937139400022812,,,,,,,,,,,,,,,,,,,,,,,
,,,,,,,,,,,,,,,,,,,,,,,1674233684.6382256,0.9774991273880002,0.022328502606861148,0.4782414780498341,0.7187405993093208,0.5501303911447813,-0.4603015135818337,0.4889515071285504,0.8786230181754988,0.5543817263074224,-0.4316851972093322,0.3724577043550759,1.1796585140207898,0.6731726037220631,-0.12279301443617198,0.4859870757348044,1.3576609140964144,0.6269437786130484,-6.053344198486675,0.765690960687413,1.464034763962354,0.6237586241121285,-5.824147464114217,,,,,,,,,,,,,,,,,,,,,,,
,,,,,,,,,,,,,,,,,,,,,,,1674233684.7677436,0.9739408493041992,0.02153844790663739,0.4960704371203639,0.7820655970237215,0.5097580298284976,-0.4538992559238797,0.4802936957432982,0.9309815128737304,0.5105659808674925,-0.41335827356169697,0.3620358725098183,1.203071933018061,0.6292462737165595,-0.09458453590470306,0.4918277856352785,1.2798927231019368,0.5802542915078273,-6.0777789477022965,0.7540157650263063,1.3101541982841367,0.6339426404604241,-5.934570395945679,,,,,,,,,,,,,,,,,,,,,,,
,,,,,,,,,,,,,,,,,,,,,,,1674233684.890106,0.9403570890426636,0.02171006477913595,0.5664778895997459,0.8420634052543334,0.4862574716554779,-0.4062574733326905,0.5277533800676765,0.825332766243903,0.4335010345523475,-0.5059784675807619,0.36340416919030094,1.1020426906868186,0.6812361652421586,-0.16272335539033464,0.4807649093074252,1.2559745761272807,0.6389940896576667,-6.145752917271349,0.7231600842549809,1.2424176967169025,0.6762368427696461,-5.962395050426462,,,,,,,,,,,,,,,,,,,,,,,
,,,,,,,,,,,,,,,,,,,,,,,1674233685.0052636,0.973016560077667,0.02128070898135115,0.4610412277253215,0.8452046301529759,0.5779423175968188,-0.4246136986554934,0.544314930791674,0.819489581294155,0.3895261834398034,-0.484041573404367,0.37834004561408013,1.0476221020876866,0.5760208627575201,-0.16114921961519002,0.4737917445793053,1.2044567336244838,0.5691590552319041,-6.068711548440085,0.7324776867045842,1.2487433072609264,0.7332273025152029,-5.749250909703398,,,,,,,,,,,,,,,,,,,,,,,
,,,,,,,,,,,,,,,,,,,,,,,1674233685.1459699,0.9677403569221495,0.02061535862077002,0.4020014619933869,0.7571981606876581,0.650812353997778,-0.450984042247474,0.5777909803212083,0.6083656063781268,0.31548879869468616,-0.5040448183399358,0.39600535751191757,0.9187408480426908,0.5208212342735128,-0.23757781490895974,0.4361283526550074,1.0880274847599944,0.5196658119697568,-6.107619714191293,0.6711661558907647,1.0111607230188095,0.6418587610816157,-5.81827534790478,,,,,,,,,,,,,,,,,,,,,,,
,,,,,,,,,,,,,,,,,,,,,,,1674233685.2740633,0.9801214933395384,0.018317758171240598,0.5050654227527033,0.6886293549303583,0.4505949009509229,-0.5033328967476214,0.5430454781087399,0.8520045700404315,0.4414001887916743,-0.3963231369905618,0.42048301178678477,1.2018545829546095,0.6675213202316641,-0.173025854773468,0.5475376265977204,1.460522818850633,0.6485950687582991,-6.108466857012049,0.7336711307773494,1.1560216218868125,0.8086658714843633,-5.847745571637547,,,,,,,,,,,,,,,,,,,,,,,
,,,,,,,,,,,,,,,,,,,,,,,1674233685.405011,0.9750380516052248,0.017845674329283856,0.6229120193956588,0.8488791182456868,0.42425661490266586,-0.3802015802435337,0.5192194885887215,0.7015715669790152,0.32828770997303636,-0.44690281332835274,0.3980750932189641,0.9917733934978296,0.4967889286565714,-0.18653610780406904,0.6816663709268269,1.6649143584333292,0.5883611271601171,-0.07871217876060621,0.8713443273303537,1.6232906090422987,0.5863748049563983,-5.92181522325162,,,,,,,,,,,,,,,,,,,,,,,
,,,,,,,,,,,,,,,,,,,,,,,1674233685.5310035,0.97673100233078,0.01903475731510662,0.6083467161116323,0.8515385244751627,0.5037480017367155,-0.3116598598980662,0.6428089622654172,0.7538999492441889,0.4283377105045745,-0.6021992002539327,0.4573296665068134,0.9896672824750574,0.6724801506057997,-0.3224776076343598,0.6069057699739121,1.413253329808557,0.6713792827435601,-0.031877348017922635,0.8459452627643603,1.4182645166455432,0.6330232673997637,-5.9608673971057415,,,,,,,,,,,,,,,,,,,,,,,
,,,,,,,,,,,,,,,,,,,,,,,1674233685.8667963,0.980892360210419,0.017800826002061006,0.5337024279673609,0.9179324595882008,0.5034646959027608,-0.3080131424838832,0.6766253621676972,0.8145850965368319,0.482972242693276,-0.6365603030447593,0.4084992230210758,1.1546638975611694,0.691797977208302,-0.2580077493364463,0.5288546457451107,1.4797274769972562,0.6201691639579052,-6.233574885104332,0.7368409710981924,1.2009875600081388,0.6573900002817228,-6.016287080385976,,,,,,,,,,,,,,,,,,,,,,,
,,,,,,,,,,,,,,,,,,,,,,,1674233685.9838402,0.9701426029205322,0.018645399467845714,0.5936975784658363,0.9544735356477217,0.4616571203241169,-0.25498585633438037,0.626622996821041,0.7484522043226852,0.5370245803132415,-0.6663198503937777,0.387134950591558,1.182379964904084,0.7806497116563523,-0.23765481159942994,0.5272935550102376,1.4915385437613795,0.6541054620748172,-6.263788360360655,0.7647650626907393,1.5920268529306827,0.5936630168638376,-6.030466095867852,,,,,,,,,,,,,,,,,,,,,,,
,,,,,,,,,,,,,,,,,,,,,,,1674233686.0825722,0.9698756337165833,0.020283966773562256,0.6124099336056315,0.929888120050185,0.457432092866178,-0.24209799172180624,0.5611025118532159,0.64900759966518,0.4806200009388236,-0.6682673959598232,0.3686118107476517,1.101648751747245,0.7744556670362861,-0.2511472583724688,0.5565374300807524,1.3990387496550682,0.641472531406852,-0.11850895198176482,0.7648135426881395,1.5290297175705723,0.555685818136921,-6.160634542148142,,,,,,,,,,,,,,,,,,,,,,,
,,,,,,,,,,,,,,,,,,,,,,,1674233686.2014804,0.9501779675483706,0.017965091816485312,0.5348696032229149,0.9704276506731124,0.4838213211019002,-0.33829752316305184,0.5495821671307884,0.859594192392325,0.4831882026942861,-0.4929258160218421,0.32270629405738566,1.2089296221725323,0.7160028598652675,-0.16154518796804762,0.5487794741209338,1.4145284355531293,0.647953293936724,-0.02189671783667269,0.8819018695796936,1.4698961715412253,0.5914352538141947,-6.272739352417562,,,,,,,,,,,,,,,,,,,,,,,
,,,,,,,,,,,,,,,,,,,,,,,1674233686.3288822,0.9371260404586792,0.017181885019407424,0.5541250301063494,0.8843049522993509,0.5046901446391994,-0.3726093138988871,0.5406065409178162,0.960940926172727,0.5634788787699416,-0.4604479097361018,0.3935699618514144,1.3867306733886968,0.7096409852323745,-0.24465813178695406,0.553163550643932,1.5282531251803635,0.6476198425190111,-0.019240009872933058,0.8641086999274616,1.5600270194171508,0.5781207043181475,-6.275303908209242,,,,,,,,,,,,,,,,,,,,,,,
,,,,,,,,,,,,,,,,,,,,,,,1674233686.6580148,0.982878565788269,0.013563828545843148,0.5340387642271582,0.5440081815479372,0.5825319822754952,-0.3582851408851706,0.7178368887650817,1.124022368204575,0.6344618422050753,-0.40761089874704887,0.6117358340766312,1.2317363880078989,0.8788693149359196,-0.4282146796593036,0.7353006871064731,1.4624473532340936,0.8244097325288147,-0.19991079621274202,0.9253645060887564,1.318882637959076,0.8996673753436563,-0.21219060835004958,,,,,,,,,,,,,,,,,,,,,,,
,,,,,,,,,,,,,,,,,,,,,,,1674233692.924382,0.985400557518005,0.015400187581043225,0.4013657398551436,0.570008715309584,0.6150001676547447,-0.36865634993058866,0.21025388662784336,0.4812394813300645,0.4036404982279165,-0.2506527141207573,0.247640504005191,0.5338503442339176,0.3325818438284923,-0.29995235919824825,0.3552094946454156,0.5833258062942278,0.2752164311006853,-0.18944542259622388,0.5420981659536306,0.695897362648548,0.4662869061928185,-6.117263087559127,,,,,,,,,,,,,,,,,,,,,,,
,,,,,,,,,,,,,,,,,,,,,,,1674233694.7618227,0.9951540231704716,0.010284275857310734,0.4796377715322708,0.4803229214519675,0.5219928005744215,-0.2849707627693538,0.25061537408738355,0.4924844113686668,0.3794869034306642,-0.29744712126318484,0.3293707227421758,0.5184139034511516,0.32871296890504204,-0.41380733290408805,0.4594677204828992,0.5326495550587097,0.23786775645908026,-0.3342139199206576,0.5696708005358238,0.3801607639822564,0.12510823840793436,-0.140610540282049,,,,,,,,,,,,,,,,,,,,,,,
,,,,,,,,,,,,,,,,,,,,,,,,,,,,,,,,,,,,,,,,,,,,,,1673374264.438471,0.8533318042755128,0.015926289394603717,0.028677235340826442,0.2811124847275166,0.009783822477625185,-0.4141502013256991,0.10255972657820543,0.03126200274312407,0.017590099258775013,-0.24119656086539856,0.1407799268270642,0.01853455591180844,0.09084492690625057,-0.15724279985916656,0.14653309196049236,0.008772261837465637,0.1203270859028704,-6.224798707236887,0.18401433583677074,0.0027552673857155706,0.08031966542427428,-6.058176933221169
,,,,,,,,,,,,,,,,,,,,,,,,,,,,,,,,,,,,,,,,,,,,,,1673374271.1598141,0.97574907541275,0.010500794182475293,0.1098734095441389,0.06312143745833457,0.09095468948430734,-0.21977341975503248,0.3345237044617413,0.35864744167826634,0.3724064985461494,-0.23908832666770236,0.1718645460693411,0.618496962582876,0.2222299704469504,-0.15386412672205282,0.11072861001669264,0.5236639028587718,0.22877763668702156,-6.206674823603785,0.17142836315831245,0.32365956629920206,0.09546710650913774,-6.054660596228382
